{"cameraMode":{"drawMode":0,"name":"Shaded","section":"Shading Mode"},"sceneLighting":false,"audioPlay":false,"sceneViewState":{"m_AlwaysRefresh":false,"showFog":true,"showSkybox":false,"showFlares":true,"showImageEffects":true,"showParticleSystems":true,"showVisualEffectGraphs":true,"m_FxEnabled":true},"in2DMode":false,"pivot":{"x":0.019999980926513673,"y":1.8000000715255738,"z":7.519999980926514},"rotation":{"x":0.16081413626670838,"y":0.42030465602874758,"z":-0.07596740126609802,"w":0.8897643089294434},"size":4.330127239227295,"orthographic":false}