{"cameraMode":{"drawMode":0,"name":"Shaded","section":"Shading Mode"},"sceneLighting":true,"audioPlay":false,"sceneViewState":{"m_AlwaysRefresh":false,"showFog":true,"showSkybox":true,"showFlares":true,"showImageEffects":true,"showParticleSystems":true,"showVisualEffectGraphs":true,"m_FxEnabled":true},"in2DMode":false,"pivot":{"x":-9.697826385498047,"y":-18.493900299072267,"z":64.08609008789063},"rotation":{"x":-0.17586837708950044,"y":0.04719720408320427,"z":-0.008449932560324669,"w":-0.9832213521003723},"size":46.77122116088867,"orthographic":false}