{"cameraMode":{"drawMode":0,"name":"Shaded","section":"Shading Mode"},"sceneLighting":false,"audioPlay":false,"sceneViewState":{"m_AlwaysRefresh":false,"showFog":true,"showSkybox":false,"showFlares":true,"showImageEffects":true,"showParticleSystems":true,"showVisualEffectGraphs":true,"m_FxEnabled":true},"in2DMode":false,"pivot":{"x":-1.4500000476837159,"y":1.465000033378601,"z":3.7160000801086427},"rotation":{"x":0.00016108893032651395,"y":-0.9676933884620667,"z":0.25205665826797488,"w":0.0005815413896925747},"size":0.4330126941204071,"orthographic":false}