{"cameraMode":{"drawMode":0,"name":"Shaded","section":"Shading Mode"},"sceneLighting":false,"audioPlay":false,"sceneViewState":{"m_AlwaysRefresh":false,"showFog":true,"showSkybox":false,"showFlares":true,"showImageEffects":true,"showParticleSystems":true,"showVisualEffectGraphs":true,"m_FxEnabled":true},"in2DMode":false,"pivot":{"x":26.885414123535158,"y":-11.069100379943848,"z":76.57927703857422},"rotation":{"x":0.08602681756019592,"y":0.07762717455625534,"z":-0.006719602271914482,"w":0.993218183517456},"size":43.605342864990237,"orthographic":false}