{"cameraMode":{"drawMode":0,"name":"Shaded","section":"Shading Mode"},"sceneLighting":false,"audioPlay":false,"sceneViewState":{"m_AlwaysRefresh":false,"showFog":true,"showSkybox":false,"showFlares":true,"showImageEffects":true,"showParticleSystems":true,"showVisualEffectGraphs":true,"m_FxEnabled":true},"in2DMode":false,"pivot":{"x":-19.107929229736329,"y":0.7330262660980225,"z":-0.03758171200752258},"rotation":{"x":0.181291401386261,"y":0.24634331464767457,"z":-0.04696878790855408,"w":0.9508734345436096},"size":1.3503886461257935,"orthographic":false}