{"cameraMode":{"drawMode":0,"name":"Shaded","section":"Shading Mode"},"sceneLighting":false,"audioPlay":false,"sceneViewState":{"m_AlwaysRefresh":false,"showFog":true,"showSkybox":false,"showFlares":true,"showImageEffects":true,"showParticleSystems":true,"showVisualEffectGraphs":true,"m_FxEnabled":true},"in2DMode":false,"pivot":{"x":12.132892608642579,"y":2.611424446105957,"z":18.221057891845704},"rotation":{"x":-0.13551054894924165,"y":0.08173251897096634,"z":-0.011211530305445195,"w":-0.9873145818710327},"size":5.895753383636475,"orthographic":false}