{"cameraMode":{"drawMode":0,"name":"Shaded","section":"Shading Mode"},"sceneLighting":false,"audioPlay":false,"sceneViewState":{"m_AlwaysRefresh":false,"showFog":true,"showSkybox":false,"showFlares":true,"showImageEffects":true,"showParticleSystems":true,"showVisualEffectGraphs":true,"m_FxEnabled":true},"in2DMode":false,"pivot":{"x":-1.6582294702529908,"y":19.531286239624025,"z":-18.404415130615236},"rotation":{"x":-0.17784461379051209,"y":0.010919351130723954,"z":-0.001975937746465206,"w":-0.9839856624603272},"size":1.0832083225250245,"orthographic":false}