{"cameraMode":{"drawMode":0,"name":"Shaded","section":"Shading Mode"},"sceneLighting":false,"audioPlay":false,"sceneViewState":{"m_AlwaysRefresh":false,"showFog":true,"showSkybox":false,"showFlares":true,"showImageEffects":true,"showParticleSystems":true,"showVisualEffectGraphs":true,"m_FxEnabled":true},"in2DMode":false,"pivot":{"x":0.4302487373352051,"y":0.06793463230133057,"z":0.2938212454319},"rotation":{"x":0.040419843047857288,"y":0.7599255442619324,"z":-0.047483012080192569,"w":0.6469883322715759},"size":1.0975133180618287,"orthographic":false}