{"cameraMode":{"drawMode":0,"name":"Shaded","section":"Shading Mode"},"sceneLighting":false,"audioPlay":false,"sceneViewState":{"m_AlwaysRefresh":false,"showFog":true,"showSkybox":false,"showFlares":true,"showImageEffects":true,"showParticleSystems":true,"showVisualEffectGraphs":true,"m_FxEnabled":true},"in2DMode":false,"pivot":{"x":-0.3768431842327118,"y":6.112146854400635,"z":-17.627403259277345},"rotation":{"x":-0.04679137468338013,"y":-0.002400455065071583,"z":0.0001093607788789086,"w":-0.9988921880722046},"size":1.009562611579895,"orthographic":false}